OBJECTID;FID_1;LATITUDE;LONGITUDE;BRIGHTNESS;SCAN;TRACK;ACQ_DATE;ACQ_TIME;SATELLITE;INSTRUMENT;CONFIDENCE;VERSION;BRIGHT_T31;FRP;DAYNIGHT;TYPE;ID;MinElevation;MeanElevation;MaxElevation;MinSlope;MeanSlope;MaxSlope;MeanAspect;DEMResolution;ProductName;Source;Source_URL
1;2783;-33,9892;18,9396;339;1,1;1;2021-02-26 0:00:00;1250;Aqua;MODIS;86;6.03;304,8;39,3;D;0;1;518,37;518,37;518,37;21,785433;21,785433;21,785433;346,67963;24m;Airbus_WorldDEM4Ortho_24m;Airbus Defence and Space GmbH;http://www.intelligence-airbusds.com/worlddem
2;2144;-33,9091;19,0201;301,9;1,4;1,2;2019-03-27 0:00:00;2340;Aqua;MODIS;45;6.03;287,8;9,3;N;0;2;464,57999;464,57999;464,57999;31,41099;31,41099;31,41099;44,279263;24m;Airbus_WorldDEM4Ortho_24m;Airbus Defence and Space GmbH;http://www.intelligence-airbusds.com/worlddem
3;2143;-33,9135;19,0258;324,7;1,4;1,2;2019-03-27 0:00:00;2340;Aqua;MODIS;100;6.03;288,6;37,5;N;0;3;850,64996;850,64996;850,64996;23,389917;23,389917;23,389917;336,99597;24m;Airbus_WorldDEM4Ortho_24m;Airbus Defence and Space GmbH;http://www.intelligence-airbusds.com/worlddem
4;302;-33,9734;18,9393;333;4,1;1,9;2015-03-11 0:00:00;0804;Terra;MODIS;85;6.03;296,6;216,2;D;0;4;265,51001;265,51001;265,51001;11,446825;11,446825;11,446825;198,73363;24m;Airbus_WorldDEM4Ortho_24m;Airbus Defence and Space GmbH;http://www.intelligence-airbusds.com/worlddem
5;1394;-33,9122;18,9874;303,3;3,2;1,7;2017-02-21 0:00:00;2315;Aqua;MODIS;54;6.03;292,5;31;N;0;5;729,09003;729,09003;729,09003;43,450184;43,450184;43,450184;311,19119;24m;Airbus_WorldDEM4Ortho_24m;Airbus Defence and Space GmbH;http://www.intelligence-airbusds.com/worlddem
6;2808;-33,9501;18,933;325,6;1;1;2021-02-26 0:00:00;2352;Aqua;MODIS;100;6.03;293,3;23,2;N;0;6;652,45001;652,45001;652,45001;36,43829;36,43829;36,43829;198,46414;24m;Airbus_WorldDEM4Ortho_24m;Airbus Defence and Space GmbH;http://www.intelligence-airbusds.com/worlddem
7;978;-33,9501;18,9981;304,6;1,1;1,1;2016-11-20 0:00:00;2345;Aqua;MODIS;30;6.03;286,8;8,2;N;0;7;1044,6901;1044,6901;1044,6901;11,038606;11,038606;11,038606;92,885391;24m;Airbus_WorldDEM4Ortho_24m;Airbus Defence and Space GmbH;http://www.intelligence-airbusds.com/worlddem
8;288;-33,9594;18,9181;324,1;1,4;1,2;2015-03-11 0:00:00;0017;Aqua;MODIS;100;6.03;292;38,9;N;0;8;204,87999;204,87999;204,87999;10,272147;10,272147;10,272147;205,67403;24m;Airbus_WorldDEM4Ortho_24m;Airbus Defence and Space GmbH;http://www.intelligence-airbusds.com/worlddem
9;2209;-33,9725;18,9463;315;1,1;1;2019-10-31 0:00:00;0858;Terra;MODIS;62;6.03;296,3;10,8;D;0;9;339,49002;339,49002;339,49002;17,82769;17,82769;17,82769;165,1321;24m;Airbus_WorldDEM4Ortho_24m;Airbus Defence and Space GmbH;http://www.intelligence-airbusds.com/worlddem
10;2570;-33,9599;18,9384;331,7;1,6;1,2;2020-12-05 0:00:00;1220;Aqua;MODIS;78;6.03;299,7;47,6;D;0;10;366,16;366,16;366,16;17,18939;17,18939;17,18939;206,58534;24m;Airbus_WorldDEM4Ortho_24m;Airbus Defence and Space GmbH;http://www.intelligence-airbusds.com/worlddem
11;964;-33,9476;18,9414;336,6;1,7;1,3;2016-11-20 0:00:00;0828;Terra;MODIS;86;6.03;308,3;60,9;D;0;11;800,67004;800,67004;800,67004;11,633247;11,633247;11,633247;310,80032;24m;Airbus_WorldDEM4Ortho_24m;Airbus Defence and Space GmbH;http://www.intelligence-airbusds.com/worlddem
12;328;-33,9623;18,9448;311,5;1,1;1;2015-03-11 0:00:00;2145;Terra;MODIS;83;6.03;294,8;11,9;N;0;12;460,26999;460,26999;460,26999;25,859049;25,859049;25,859049;176,80548;24m;Airbus_WorldDEM4Ortho_24m;Airbus Defence and Space GmbH;http://www.intelligence-airbusds.com/worlddem
13;2722;-33,9972;19,0413;326,5;1,6;1,2;2021-02-24 0:00:00;1302;Aqua;MODIS;23;6.03;296,8;32,3;D;0;13;1168,16;1168,16;1168,16;15,015823;15,015823;15,015823;49,921593;24m;Airbus_WorldDEM4Ortho_24m;Airbus Defence and Space GmbH;http://www.intelligence-airbusds.com/worlddem
14;2827;-33,9711;18,9912;304,9;1,3;1,1;2021-02-27 0:00:00;2119;Terra;MODIS;54;6.03;290,2;9,6;N;0;14;1171,01;1171,01;1171,01;46,220982;46,220982;46,220982;50,435787;24m;Airbus_WorldDEM4Ortho_24m;Airbus Defence and Space GmbH;http://www.intelligence-airbusds.com/worlddem
15;2726;-33,9648;19,0306;337,8;1,6;1,2;2021-02-24 0:00:00;1302;Aqua;MODIS;73;6.03;297,9;60,1;D;0;15;1386,3199;1386,3199;1386,3199;23,413614;23,413614;23,413614;38,882832;24m;Airbus_WorldDEM4Ortho_24m;Airbus Defence and Space GmbH;http://www.intelligence-airbusds.com/worlddem
16;293;-33,986;18,9616;340,2;1,5;1,2;2015-03-11 0:00:00;0017;Aqua;MODIS;100;6.03;293,3;74,7;N;0;16;332,30002;332,30002;332,30002;7,2613187;7,2613187;7,2613187;164,85985;24m;Airbus_WorldDEM4Ortho_24m;Airbus Defence and Space GmbH;http://www.intelligence-airbusds.com/worlddem
17;965;-33,951;18,959;390,5;1,7;1,3;2016-11-20 0:00:00;0828;Terra;MODIS;100;6.03;309,3;409,8;D;0;17;571,33997;571,33997;571,33997;21,849468;21,849468;21,849468;35,740055;24m;Airbus_WorldDEM4Ortho_24m;Airbus Defence and Space GmbH;http://www.intelligence-airbusds.com/worlddem
18;2572;-33,9673;18,9251;305,7;1,1;1;2020-12-05 0:00:00;2144;Terra;MODIS;65;6.03;290,1;8,5;N;0;18;220,53;220,53;220,53;5,4266047;5,4266047;5,4266047;111,91967;24m;Airbus_WorldDEM4Ortho_24m;Airbus Defence and Space GmbH;http://www.intelligence-airbusds.com/worlddem
19;294;-33,9843;18,9456;362,5;1,5;1,2;2015-03-11 0:00:00;0017;Aqua;MODIS;100;6.03;298,8;158,1;N;0;19;338,14001;338,14001;338,14001;12,006845;12,006845;12,006845;12,438212;24m;Airbus_WorldDEM4Ortho_24m;Airbus Defence and Space GmbH;http://www.intelligence-airbusds.com/worlddem
20;2701;-33,9348;19,0232;354,7;1;1;2021-02-24 0:00:00;0845;Terra;MODIS;97;6.03;292,3;70,6;D;0;20;915,6236;915,6236;915,6236;30,208849;30,208849;30,208849;244,18135;24m;Airbus_WorldDEM4Ortho_24m;Airbus Defence and Space GmbH;http://www.intelligence-airbusds.com/worlddem
21;2795;-33,9795;18,9092;307,9;2,9;1,6;2021-02-26 0:00:00;2214;Terra;MODIS;19;6.03;289,8;36,5;N;0;21;1092,11;1092,11;1092,11;17,4088;17,4088;17,4088;307,33069;24m;Airbus_WorldDEM4Ortho_24m;Airbus Defence and Space GmbH;http://www.intelligence-airbusds.com/worlddem
22;2823;-33,9769;18,949;316,1;4,6;2;2021-02-27 0:00:00;1333;Aqua;MODIS;42;6.03;303,6;53,1;D;0;22;288,53;288,53;288,53;6,6867561;6,6867561;6,6867561;241,83147;24m;Airbus_WorldDEM4Ortho_24m;Airbus Defence and Space GmbH;http://www.intelligence-airbusds.com/worlddem
23;2150;-33,9352;19,0174;314,2;1,2;1,1;2019-03-28 0:00:00;0905;Terra;MODIS;56;6.03;286,6;14,7;D;0;23;867,45996;867,45996;867,45996;39,564392;39,564392;39,564392;176,8336;24m;Airbus_WorldDEM4Ortho_24m;Airbus Defence and Space GmbH;http://www.intelligence-airbusds.com/worlddem
24;3251;-33,9893;18,9552;314,1;2,1;1,4;2023-10-19 0:00:00;1233;Aqua;MODIS;39;61.03;303,4;20,2;D;0;24;336,29999;336,29999;336,29999;5,1813755;5,1813755;5,1813755;22,248201;24m;Airbus_WorldDEM4Ortho_24m;Airbus Defence and Space GmbH;http://www.intelligence-airbusds.com/worlddem
25;2575;-33,9986;18,9177;308,1;4,1;1,9;2020-12-06 0:00:00;2049;Terra;MODIS;36;6.03;287;79,5;N;0;25;799,34003;799,34003;799,34003;24,996391;24,996391;24,996391;357,27505;24m;Airbus_WorldDEM4Ortho_24m;Airbus Defence and Space GmbH;http://www.intelligence-airbusds.com/worlddem
26;2689;-33,9466;19,0562;307,4;1,1;1;2021-02-23 0:00:00;2144;Terra;MODIS;62;6.03;287,9;8,4;N;0;26;581,35999;581,35999;581,35999;38,786861;38,786861;38,786861;27,281141;24m;Airbus_WorldDEM4Ortho_24m;Airbus Defence and Space GmbH;http://www.intelligence-airbusds.com/worlddem
27;2667;-33,9859;19,0659;312,9;4,1;1,9;2021-02-23 0:00:00;0803;Terra;MODIS;56;6.03;290,9;67,5;D;0;27;700,58002;700,58002;700,58002;53,013519;53,013519;53,013519;331,70688;24m;Airbus_WorldDEM4Ortho_24m;Airbus Defence and Space GmbH;http://www.intelligence-airbusds.com/worlddem
28;291;-33,9948;18,941;318,6;1,5;1,2;2015-03-11 0:00:00;0017;Aqua;MODIS;78;6.03;290,2;28,1;N;0;28;838,37;838,37;838,37;24,806782;24,806782;24,806782;61,666645;24m;Airbus_WorldDEM4Ortho_24m;Airbus Defence and Space GmbH;http://www.intelligence-airbusds.com/worlddem
29;2746;-33,9131;19,0285;305,4;4,6;2;2021-02-24 0:00:00;2226;Terra;MODIS;29;6.03;288;71,4;N;0;29;785,25;785,25;785,25;27,163067;27,163067;27,163067;61,393578;24m;Airbus_WorldDEM4Ortho_24m;Airbus Defence and Space GmbH;http://www.intelligence-airbusds.com/worlddem
30;2711;-33,9567;19,0416;393,2;1;1;2021-02-24 0:00:00;0845;Terra;MODIS;100;6.03;300;215,1;D;0;30;984,35999;984,35999;984,35999;28,010387;28,010387;28,010387;33,245033;24m;Airbus_WorldDEM4Ortho_24m;Airbus Defence and Space GmbH;http://www.intelligence-airbusds.com/worlddem
31;2773;-33,9778;18,9501;407,4;1,1;1;2021-02-26 0:00:00;1250;Aqua;MODIS;100;6.03;315,8;328;D;0;31;294,00998;294,00998;294,00998;8,328331;8,328331;8,328331;244,37971;24m;Airbus_WorldDEM4Ortho_24m;Airbus Defence and Space GmbH;http://www.intelligence-airbusds.com/worlddem
32;1370;-33,927;18,9783;327,2;3,6;1,8;2017-02-21 0:00:00;0935;Terra;MODIS;80;6.03;299,5;126,8;D;0;32;884,09003;884,09003;884,09003;62,166527;62,166527;62,166527;223,19753;24m;Airbus_WorldDEM4Ortho_24m;Airbus Defence and Space GmbH;http://www.intelligence-airbusds.com/worlddem
33;2826;-33,9813;18,9929;304;1,3;1,1;2021-02-27 0:00:00;2119;Terra;MODIS;36;6.03;288,8;9,1;N;0;33;1197,01;1197,01;1197,01;58,714989;58,714989;58,714989;237,62804;24m;Airbus_WorldDEM4Ortho_24m;Airbus Defence and Space GmbH;http://www.intelligence-airbusds.com/worlddem
34;2792;-33,9704;18,9363;398,2;1,1;1;2021-02-26 0:00:00;1250;Aqua;MODIS;100;6.03;306,2;267,9;D;0;34;258,29001;258,29001;258,29001;12,827226;12,827226;12,827226;239,5249;24m;Airbus_WorldDEM4Ortho_24m;Airbus Defence and Space GmbH;http://www.intelligence-airbusds.com/worlddem
35;300;-33,9719;18,9321;340,4;1,5;1,2;2015-03-11 0:00:00;0017;Aqua;MODIS;100;6.03;296,7;74,9;N;0;35;273,87;273,87;273,87;33,342876;33,342876;33,342876;56,300728;24m;Airbus_WorldDEM4Ortho_24m;Airbus Defence and Space GmbH;http://www.intelligence-airbusds.com/worlddem
36;2673;-33,9915;19,0703;338;1,6;1,2;2021-02-23 0:00:00;1220;Aqua;MODIS;77;6.03;299,8;61,6;D;0;36;1257,38;1257,38;1257,38;2,7502563;2,7502563;2,7502563;83,84565;24m;Airbus_WorldDEM4Ortho_24m;Airbus Defence and Space GmbH;http://www.intelligence-airbusds.com/worlddem
37;279;-33,9888;18,9249;331,9;2,5;1,5;2015-03-10 0:00:00;2102;Terra;MODIS;100;6.03;278,6;123,9;N;0;37;968,40002;968,40002;968,40002;29,410809;29,410809;29,410809;21,395866;24m;Airbus_WorldDEM4Ortho_24m;Airbus Defence and Space GmbH;http://www.intelligence-airbusds.com/worlddem
38;332;-34,002;18,9107;311,1;1,1;1;2015-03-11 0:00:00;2145;Terra;MODIS;82;6.03;291,6;11,4;N;0;38;1013,43;1013,43;1013,43;31,82482;31,82482;31,82482;359,20227;24m;Airbus_WorldDEM4Ortho_24m;Airbus Defence and Space GmbH;http://www.intelligence-airbusds.com/worlddem
39;319;-33,9594;18,9516;322,9;1,6;1,2;2015-03-11 0:00:00;1220;Aqua;MODIS;57;6.03;305,2;22,7;D;0;39;734,64001;734,64001;734,64001;41,857529;41,857529;41,857529;197,34576;24m;Airbus_WorldDEM4Ortho_24m;Airbus Defence and Space GmbH;http://www.intelligence-airbusds.com/worlddem
40;315;-33,9506;18,9419;318,2;4,6;2;2015-03-11 0:00:00;0942;Terra;MODIS;54;6.03;296,6;101,4;D;0;40;699,62;699,62;699,62;38,849728;38,849728;38,849728;212,41754;24m;Airbus_WorldDEM4Ortho_24m;Airbus Defence and Space GmbH;http://www.intelligence-airbusds.com/worlddem
41;2584;-33,9943;18,8966;327,1;1,1;1;2020-12-07 0:00:00;0004;Aqua;MODIS;100;6.03;292,7;28,5;N;0;41;303,72998;303,72998;303,72998;18,324539;18,324539;18,324539;344,71005;24m;Airbus_WorldDEM4Ortho_24m;Airbus Defence and Space GmbH;http://www.intelligence-airbusds.com/worlddem
42;2662;-33,975;19,0904;300,6;1,5;1,2;2021-02-23 0:00:00;0016;Aqua;MODIS;18;6.03;286,1;9,8;N;0;42;758,29999;758,29999;758,29999;32,384212;32,384212;32,384212;230,58633;24m;Airbus_WorldDEM4Ortho_24m;Airbus Defence and Space GmbH;http://www.intelligence-airbusds.com/worlddem
43;3084;-34,0105;18,9145;316,6;1,2;1,1;2022-06-12 0:00:00;0829;Terra;MODIS;41;6.03;271,5;18,7;D;0;43;835,42004;835,42004;835,42004;24,435577;24,435577;24,435577;268,49033;24m;Airbus_WorldDEM4Ortho_24m;Airbus Defence and Space GmbH;http://www.intelligence-airbusds.com/worlddem
44;2702;-33,9365;19,0339;427,2;1;1;2021-02-24 0:00:00;0845;Terra;MODIS;100;6.03;315,5;475,5;D;0;44;677;677;677;39,071537;39,071537;39,071537;193,75021;24m;Airbus_WorldDEM4Ortho_24m;Airbus Defence and Space GmbH;http://www.intelligence-airbusds.com/worlddem
45;2708;-33,9474;19,0429;459,6;1;1;2021-02-24 0:00:00;0845;Terra;MODIS;100;6.03;320;877,3;D;0;45;467,36002;467,36002;467,36002;34,102135;34,102135;34,102135;79,039207;24m;Airbus_WorldDEM4Ortho_24m;Airbus Defence and Space GmbH;http://www.intelligence-airbusds.com/worlddem
46;2811;-33,9699;18,9985;304,5;1;1;2021-02-26 0:00:00;2352;Aqua;MODIS;60;6.03;288,7;7,9;N;0;46;926,01001;926,01001;926,01001;35,493282;35,493282;35,493282;197,71535;24m;Airbus_WorldDEM4Ortho_24m;Airbus Defence and Space GmbH;http://www.intelligence-airbusds.com/worlddem
47;2766;-34,0045;19,0004;346,4;1;1;2021-02-25 0:00:00;2131;Terra;MODIS;100;6.03;284;59,8;N;0;47;801,26001;801,26001;801,26001;30,776239;30,776239;30,776239;338,47882;24m;Airbus_WorldDEM4Ortho_24m;Airbus Defence and Space GmbH;http://www.intelligence-airbusds.com/worlddem
48;2812;-33,9849;18,9143;311,5;1;1;2021-02-26 0:00:00;2352;Aqua;MODIS;83;6.03;289,3;11,3;N;0;48;1071,89;1071,89;1071,89;31,288334;31,288334;31,288334;64,059845;24m;Airbus_WorldDEM4Ortho_24m;Airbus Defence and Space GmbH;http://www.intelligence-airbusds.com/worlddem
49;286;-33,9964;18,9005;305,7;2,5;1,5;2015-03-10 0:00:00;2102;Terra;MODIS;65;6.03;281,6;32,3;N;0;49;491,96002;491,96002;491,96002;28,089111;28,089111;28,089111;0,45089602;24m;Airbus_WorldDEM4Ortho_24m;Airbus Defence and Space GmbH;http://www.intelligence-airbusds.com/worlddem
50;2796;-33,9434;18,929;327,8;2,9;1,6;2021-02-26 0:00:00;2214;Terra;MODIS;100;6.03;292,5;122,5;N;0;50;723,81995;723,81995;723,81995;31,28142;31,28142;31,28142;237,63023;24m;Airbus_WorldDEM4Ortho_24m;Airbus Defence and Space GmbH;http://www.intelligence-airbusds.com/worlddem
51;2717;-33,9766;19,0483;383,4;1;1;2021-02-24 0:00:00;0845;Terra;MODIS;100;6.03;301,3;168,1;D;0;51;786,26001;786,26001;786,26001;7,0021858;7,0021858;7,0021858;152,38126;24m;Airbus_WorldDEM4Ortho_24m;Airbus Defence and Space GmbH;http://www.intelligence-airbusds.com/worlddem
52;278;-33,9871;18,9477;378,1;2,5;1,5;2015-03-10 0:00:00;2102;Terra;MODIS;100;6.03;284,5;565,2;N;0;52;396,49002;396,49002;396,49002;20,848362;20,848362;20,848362;16,276691;24m;Airbus_WorldDEM4Ortho_24m;Airbus Defence and Space GmbH;http://www.intelligence-airbusds.com/worlddem
53;2737;-33,9257;19,0407;327,5;4;1,9;2021-02-24 0:00:00;2048;Terra;MODIS;100;6.03;289;197,1;N;0;53;667,95001;667,95001;667,95001;30,993196;30,993196;30,993196;30,76268;24m;Airbus_WorldDEM4Ortho_24m;Airbus Defence and Space GmbH;http://www.intelligence-airbusds.com/worlddem
54;2573;-33,9654;18,9366;309,8;1,1;1;2020-12-05 0:00:00;2144;Terra;MODIS;78;6.03;290,9;11,5;N;0;54;326,67999;326,67999;326,67999;13,778394;13,778394;13,778394;293,01028;24m;Airbus_WorldDEM4Ortho_24m;Airbus Defence and Space GmbH;http://www.intelligence-airbusds.com/worlddem
55;2794;-33,9745;18,9111;363,9;1,1;1;2021-02-26 0:00:00;1250;Aqua;MODIS;100;6.03;300;103,5;D;0;55;835,53003;835,53003;835,53003;32,223038;32,223038;32,223038;53,593735;24m;Airbus_WorldDEM4Ortho_24m;Airbus Defence and Space GmbH;http://www.intelligence-airbusds.com/worlddem
56;2734;-33,945;19,0032;335,2;1,5;1,2;2021-02-24 0:00:00;1302;Aqua;MODIS;83;6.03;295,9;59,2;D;0;56;778,28998;778,28998;778,28998;29,336428;29,336428;29,336428;95,750443;24m;Airbus_WorldDEM4Ortho_24m;Airbus Defence and Space GmbH;http://www.intelligence-airbusds.com/worlddem
57;2683;-33,9653;19,0606;363,4;1,1;1;2021-02-23 0:00:00;2144;Terra;MODIS;100;6.03;297,7;107,1;N;0;57;615,83002;615,83002;615,83002;38,281361;38,281361;38,281361;15,26405;24m;Airbus_WorldDEM4Ortho_24m;Airbus Defence and Space GmbH;http://www.intelligence-airbusds.com/worlddem
58;2699;-33,9728;19,0462;311,3;2,6;1,5;2021-02-23 0:00:00;2321;Aqua;MODIS;82;6.03;285,2;50,8;N;0;58;900,67999;900,67999;900,67999;33,804779;33,804779;33,804779;102,74463;24m;Airbus_WorldDEM4Ortho_24m;Airbus Defence and Space GmbH;http://www.intelligence-airbusds.com/worlddem
59;2821;-34,0156;18,9624;320,6;4;1,9;2021-02-27 0:00:00;1155;Aqua;MODIS;49;6.03;298,8;78,7;D;0;59;841,23358;841,23358;841,23358;36,793869;36,793869;36,793869;214,97217;24m;Airbus_WorldDEM4Ortho_24m;Airbus Defence and Space GmbH;http://www.intelligence-airbusds.com/worlddem
60;2762;-33,9532;19,0153;346,8;1,1;1;2021-02-25 0:00:00;0004;Aqua;MODIS;100;6.03;288,2;61,4;N;0;60;1018,51;1018,51;1018,51;47,507114;47,507114;47,507114;80,765427;24m;Airbus_WorldDEM4Ortho_24m;Airbus Defence and Space GmbH;http://www.intelligence-airbusds.com/worlddem
61;2566;-33,9712;18,939;341,9;1,6;1,2;2020-12-05 0:00:00;1220;Aqua;MODIS;88;6.03;299,3;79,8;D;0;61;270,32999;270,32999;270,32999;7,5812168;7,5812168;7,5812168;245,72028;24m;Airbus_WorldDEM4Ortho_24m;Airbus Defence and Space GmbH;http://www.intelligence-airbusds.com/worlddem
62;985;-33,9669;19,0147;318,1;2,6;1,6;2016-11-22 0:00:00;0816;Terra;MODIS;35;6.03;299,1;34,4;D;0;62;1488,6699;1488,6699;1488,6699;31,033066;31,033066;31,033066;185,48895;24m;Airbus_WorldDEM4Ortho_24m;Airbus Defence and Space GmbH;http://www.intelligence-airbusds.com/worlddem
63;2782;-33,9872;18,9521;338,7;1,1;1;2021-02-26 0:00:00;1250;Aqua;MODIS;86;6.03;305,2;37,5;D;0;63;355,94;355,94;355,94;21,49869;21,49869;21,49869;37,511002;24m;Airbus_WorldDEM4Ortho_24m;Airbus Defence and Space GmbH;http://www.intelligence-airbusds.com/worlddem
64;2790;-33,9668;18,9585;368,1;1,1;1;2021-02-26 0:00:00;1250;Aqua;MODIS;100;6.03;303,4;115;D;0;64;621,31;621,31;621,31;15,526073;15,526073;15,526073;312,41113;24m;Airbus_WorldDEM4Ortho_24m;Airbus Defence and Space GmbH;http://www.intelligence-airbusds.com/worlddem
65;2816;-34,0009;18,9562;323,9;1;1;2021-02-26 0:00:00;2352;Aqua;MODIS;100;6.03;292,8;23;N;0;65;570,97003;570,97003;570,97003;28,761427;28,761427;28,761427;342,45047;24m;Airbus_WorldDEM4Ortho_24m;Airbus Defence and Space GmbH;http://www.intelligence-airbusds.com/worlddem
66;299;-33,9735;18,9476;386;1,5;1,2;2015-03-11 0:00:00;0017;Aqua;MODIS;100;6.03;304;307,6;N;0;66;313,26999;313,26999;313,26999;7,268919;7,268919;7,268919;205,01114;24m;Airbus_WorldDEM4Ortho_24m;Airbus Defence and Space GmbH;http://www.intelligence-airbusds.com/worlddem
67;2761;-33,9441;19,0179;303,7;1,1;1;2021-02-25 0:00:00;0004;Aqua;MODIS;35;6.03;286,8;7,3;N;0;67;598,14398;598,14398;598,14398;31,949886;31,949886;31,949886;89,157867;24m;Airbus_WorldDEM4Ortho_24m;Airbus Defence and Space GmbH;http://www.intelligence-airbusds.com/worlddem
68;2115;-33,9778;19,0888;325,7;1,8;1,3;2019-02-22 0:00:00;0917;Terra;MODIS;74;6.03;296,3;45,2;D;0;68;722,13;722,13;722,13;40,256832;40,256832;40,256832;274,16861;24m;Airbus_WorldDEM4Ortho_24m;Airbus Defence and Space GmbH;http://www.intelligence-airbusds.com/worlddem
69;945;-33,9625;18,9882;318,3;1,4;1,2;2016-10-28 0:00:00;2339;Aqua;MODIS;97;6.03;285,6;28,7;N;0;69;724,01001;724,01001;724,01001;33,774368;33,774368;33,774368;43,360123;24m;Airbus_WorldDEM4Ortho_24m;Airbus Defence and Space GmbH;http://www.intelligence-airbusds.com/worlddem
70;2785;-33,9931;18,9155;343,8;1,1;1;2021-02-26 0:00:00;1250;Aqua;MODIS;90;6.03;296,9;51,4;D;0;70;756,37;756,37;756,37;33,133144;33,133144;33,133144;192,1205;24m;Airbus_WorldDEM4Ortho_24m;Airbus Defence and Space GmbH;http://www.intelligence-airbusds.com/worlddem
71;2804;-33,9409;18,9352;312,9;1;1;2021-02-26 0:00:00;2352;Aqua;MODIS;27;6.03;292,4;10,9;N;0;71;668,48999;668,48999;668,48999;28,537931;28,537931;28,537931;61,891647;24m;Airbus_WorldDEM4Ortho_24m;Airbus Defence and Space GmbH;http://www.intelligence-airbusds.com/worlddem
72;339;-34,004;18,9165;305,8;1,1;1;2015-03-13 0:00:00;0005;Aqua;MODIS;66;6.03;285,2;9,8;N;0;72;997,18005;997,18005;997,18005;25,727459;25,727459;25,727459;218,90536;24m;Airbus_WorldDEM4Ortho_24m;Airbus Defence and Space GmbH;http://www.intelligence-airbusds.com/worlddem
73;2810;-33,9627;18,9532;302,7;1;1;2021-02-26 0:00:00;2352;Aqua;MODIS;26;6.03;291,1;4,8;N;0;73;636,87;636,87;636,87;20,618727;20,618727;20,618727;209,66522;24m;Airbus_WorldDEM4Ortho_24m;Airbus Defence and Space GmbH;http://www.intelligence-airbusds.com/worlddem
74;2776;-34,0117;18,98;335,9;1,1;1;2021-02-26 0:00:00;1250;Aqua;MODIS;69;6.03;300,9;32,7;D;0;74;1102,5199;1102,5199;1102,5199;19,149637;19,149637;19,149637;37,285919;24m;Airbus_WorldDEM4Ortho_24m;Airbus Defence and Space GmbH;http://www.intelligence-airbusds.com/worlddem
75;2768;-33,9909;18,9883;385,3;1,4;1,2;2021-02-26 0:00:00;0833;Terra;MODIS;100;6.03;302,5;269,7;D;0;75;710,91003;710,91003;710,91003;23,757164;23,757164;23,757164;229,89844;24m;Airbus_WorldDEM4Ortho_24m;Airbus Defence and Space GmbH;http://www.intelligence-airbusds.com/worlddem
76;295;-33,9824;18,9279;318,9;1,5;1,2;2015-03-11 0:00:00;0017;Aqua;MODIS;65;6.03;292,5;28;N;0;76;662,81;662,81;662,81;19,593863;19,593863;19,593863;38,492188;24m;Airbus_WorldDEM4Ortho_24m;Airbus Defence and Space GmbH;http://www.intelligence-airbusds.com/worlddem
77;1375;-33,9249;18,9766;360,7;2;1,4;2017-02-21 0:00:00;1214;Aqua;MODIS;100;6.03;306,6;213,6;D;0;77;789,09003;789,09003;789,09003;39,647953;39,647953;39,647953;293,32394;24m;Airbus_WorldDEM4Ortho_24m;Airbus Defence and Space GmbH;http://www.intelligence-airbusds.com/worlddem
78;980;-33,9312;18,9917;305,3;1,6;1,2;2016-11-21 0:00:00;2114;Terra;MODIS;64;6.03;286,8;15;N;0;78;1298,7616;1298,7616;1298,7616;16,248192;16,248192;16,248192;46,953011;24m;Airbus_WorldDEM4Ortho_24m;Airbus Defence and Space GmbH;http://www.intelligence-airbusds.com/worlddem
79;329;-33,981;18,8884;310,2;1,1;1;2015-03-11 0:00:00;2145;Terra;MODIS;79;6.03;292,8;11,4;N;0;79;428,35001;428,35001;428,35001;46,119175;46,119175;46,119175;332,47769;24m;Airbus_WorldDEM4Ortho_24m;Airbus Defence and Space GmbH;http://www.intelligence-airbusds.com/worlddem
80;2723;-33,9824;19,0585;363,7;1,6;1,2;2021-02-24 0:00:00;1302;Aqua;MODIS;100;6.03;305;165,5;D;0;80;359,33002;359,33002;359,33002;20,522659;20,522659;20,522659;141,6427;24m;Airbus_WorldDEM4Ortho_24m;Airbus Defence and Space GmbH;http://www.intelligence-airbusds.com/worlddem
81;979;-33,9511;19,0033;319,2;1,5;1,2;2016-11-21 0:00:00;0911;Terra;MODIS;39;6.03;296,5;19,8;D;0;81;1057,8201;1057,8201;1057,8201;27,906712;27,906712;27,906712;352,55307;24m;Airbus_WorldDEM4Ortho_24m;Airbus Defence and Space GmbH;http://www.intelligence-airbusds.com/worlddem
82;2709;-33,9492;19,0543;351,2;1;1;2021-02-24 0:00:00;0845;Terra;MODIS;96;6.03;297,4;58,6;D;0;82;859,83838;859,83838;859,83838;50,131702;50,131702;50,131702;353,95822;24m;Airbus_WorldDEM4Ortho_24m;Airbus Defence and Space GmbH;http://www.intelligence-airbusds.com/worlddem
83;2767;-34,0029;19,0118;333,3;1;1;2021-02-25 0:00:00;2131;Terra;MODIS;100;6.03;282,6;37,4;N;0;83;1259,91;1259,91;1259,91;14,922533;14,922533;14,922533;20,101183;24m;Airbus_WorldDEM4Ortho_24m;Airbus Defence and Space GmbH;http://www.intelligence-airbusds.com/worlddem
84;271;-33,9757;18,9795;310,2;1,5;1,2;2015-03-09 0:00:00;2157;Terra;MODIS;79;6.03;290,2;20,1;N;0;84;720,60321;720,60321;720,60321;37,740047;37,740047;37,740047;163,00029;24m;Airbus_WorldDEM4Ortho_24m;Airbus Defence and Space GmbH;http://www.intelligence-airbusds.com/worlddem
85;2686;-33,956;19,0581;472,2;1,1;1;2021-02-23 0:00:00;2144;Terra;MODIS;100;6.03;316,7;1189,2;N;0;85;710,84277;710,84277;710,84277;42,160797;42,160797;42,160797;143,84404;24m;Airbus_WorldDEM4Ortho_24m;Airbus Defence and Space GmbH;http://www.intelligence-airbusds.com/worlddem
86;2809;-33,9609;18,9417;303,2;1;1;2021-02-26 0:00:00;2352;Aqua;MODIS;8;6.03;292,4;4,8;N;0;86;454,6828;454,6828;454,6828;14,494281;14,494281;14,494281;309,84808;24m;Airbus_WorldDEM4Ortho_24m;Airbus Defence and Space GmbH;http://www.intelligence-airbusds.com/worlddem
87;305;-33,9629;18,8985;318;4,1;1,9;2015-03-11 0:00:00;0804;Terra;MODIS;19;6.03;294,8;83,7;D;0;87;734,13562;734,13562;734,13562;39,048027;39,048027;39,048027;62,907978;24m;Airbus_WorldDEM4Ortho_24m;Airbus Defence and Space GmbH;http://www.intelligence-airbusds.com/worlddem
88;1168;-34,0155;18,961;331,4;2,4;1,5;2017-01-10 0:00:00;1314;Aqua;MODIS;68;6.03;304,3;64,5;D;0;88;799,22998;799,22998;799,22998;31,471773;31,471773;31,471773;223,77086;24m;Airbus_WorldDEM4Ortho_24m;Airbus Defence and Space GmbH;http://www.intelligence-airbusds.com/worlddem
89;967;-33,9434;18,9354;337,9;1,7;1,3;2016-11-20 0:00:00;0828;Terra;MODIS;87;6.03;309;66,1;D;0;89;743,84003;743,84003;743,84003;40,264084;40,264084;40,264084;31,228838;24m;Airbus_WorldDEM4Ortho_24m;Airbus Defence and Space GmbH;http://www.intelligence-airbusds.com/worlddem
90;269;-33,9904;18,9618;374,3;1,1;1,1;2015-03-09 0:00:00;1233;Aqua;MODIS;100;6.03;311,2;143,9;D;0;90;333,38998;333,38998;333,38998;6,8753605;6,8753605;6,8753605;11,153393;24m;Airbus_WorldDEM4Ortho_24m;Airbus Defence and Space GmbH;http://www.intelligence-airbusds.com/worlddem
91;330;-33,9851;18,8953;302,5;1,1;1;2015-03-11 0:00:00;2145;Terra;MODIS;26;6.03;292;5,2;N;0;91;629,58002;629,58002;629,58002;26,441849;26,441849;26,441849;276,14011;24m;Airbus_WorldDEM4Ortho_24m;Airbus Defence and Space GmbH;http://www.intelligence-airbusds.com/worlddem
92;277;-33,9848;18,9783;321,3;2,5;1,5;2015-03-10 0:00:00;2102;Terra;MODIS;100;6.03;276,3;79,4;N;0;92;596,73999;596,73999;596,73999;26,472256;26,472256;26,472256;253,84756;24m;Airbus_WorldDEM4Ortho_24m;Airbus Defence and Space GmbH;http://www.intelligence-airbusds.com/worlddem
93;274;-34,0038;18,9801;304,7;1,7;1,3;2015-03-09 0:00:00;2334;Aqua;MODIS;61;6.03;287,4;17,8;N;0;93;818,90997;818,90997;818,90997;31,811035;31,811035;31,811035;31,590475;24m;Airbus_WorldDEM4Ortho_24m;Airbus Defence and Space GmbH;http://www.intelligence-airbusds.com/worlddem
94;2739;-33,9143;19,0031;307,6;4;1,9;2021-02-24 0:00:00;2048;Terra;MODIS;22;6.03;288,2;59,6;N;0;94;788,66998;788,66998;788,66998;47,087685;47,087685;47,087685;34,775791;24m;Airbus_WorldDEM4Ortho_24m;Airbus Defence and Space GmbH;http://www.intelligence-airbusds.com/worlddem
95;2567;-33,9729;18,9225;334,1;1,6;1,2;2020-12-05 0:00:00;1220;Aqua;MODIS;81;6.03;299,7;54,2;D;0;95;298,88;298,88;298,88;17,698027;17,698027;17,698027;56,521317;24m;Airbus_WorldDEM4Ortho_24m;Airbus Defence and Space GmbH;http://www.intelligence-airbusds.com/worlddem
96;1557;-33,9474;18,9468;318,7;1;1;2017-10-02 0:00:00;0853;Terra;MODIS;47;6.03;305,8;9,2;D;0;96;763;763;763;24,475779;24,475779;24,475779;346,2178;24m;Airbus_WorldDEM4Ortho_24m;Airbus Defence and Space GmbH;http://www.intelligence-airbusds.com/worlddem
97;2715;-33,9675;19,0505;402,7;1;1;2021-02-24 0:00:00;0845;Terra;MODIS;100;6.03;308,7;272,1;D;0;97;741,84998;741,84998;741,84998;11,290581;11,290581;11,290581;115,38129;24m;Airbus_WorldDEM4Ortho_24m;Airbus Defence and Space GmbH;http://www.intelligence-airbusds.com/worlddem
98;2147;-33,9303;19,018;315,2;1,4;1,2;2019-03-27 0:00:00;2340;Aqua;MODIS;91;6.03;286,6;23,2;N;0;98;1001,66;1001,66;1001,66;27,94154;27,94154;27,94154;94,682449;24m;Airbus_WorldDEM4Ortho_24m;Airbus Defence and Space GmbH;http://www.intelligence-airbusds.com/worlddem
99;2820;-34,01;19,0294;312,6;1,8;1,3;2021-02-27 0:00:00;0916;Terra;MODIS;38;6.03;296,4;18,1;D;0;99;1320,6;1320,6;1320,6;29,718113;29,718113;29,718113;290,28757;24m;Airbus_WorldDEM4Ortho_24m;Airbus Defence and Space GmbH;http://www.intelligence-airbusds.com/worlddem
100;946;-33,9656;19,0051;302,9;1,4;1,2;2016-10-28 0:00:00;2339;Aqua;MODIS;45;6.03;283,9;11,6;N;0;100;1359;1359;1359;8,3577766;8,3577766;8,3577766;94,464027;24m;Airbus_WorldDEM4Ortho_24m;Airbus Defence and Space GmbH;http://www.intelligence-airbusds.com/worlddem
101;1790;-33,9389;18,9372;308,1;1;1;2018-05-14 0:00:00;0854;Terra;MODIS;63;6.03;292,8;8,4;D;0;101;528,48999;528,48999;528,48999;22,986444;22,986444;22,986444;58,957596;24m;Airbus_WorldDEM4Ortho_24m;Airbus Defence and Space GmbH;http://www.intelligence-airbusds.com/worlddem
102;308;-33,9696;18,9481;385,1;4,6;2;2015-03-11 0:00:00;0942;Terra;MODIS;100;6.03;299,1;1518,9;D;0;102;391,57999;391,57999;391,57999;7,7151542;7,7151542;7,7151542;234,15793;24m;Airbus_WorldDEM4Ortho_24m;Airbus Defence and Space GmbH;http://www.intelligence-airbusds.com/worlddem
103;309;-33,9536;18,9908;316,2;4,6;2;2015-03-11 0:00:00;0942;Terra;MODIS;7;6.03;294,7;82,3;D;0;103;1091,8101;1091,8101;1091,8101;44,471825;44,471825;44,471825;206,94041;24m;Airbus_WorldDEM4Ortho_24m;Airbus Defence and Space GmbH;http://www.intelligence-airbusds.com/worlddem
104;2677;-33,9803;19,0881;304,6;1,1;1;2021-02-23 0:00:00;2144;Terra;MODIS;46;6.03;287,1;9,2;N;0;104;665,34998;665,34998;665,34998;27,661745;27,661745;27,661745;250,89372;24m;Airbus_WorldDEM4Ortho_24m;Airbus Defence and Space GmbH;http://www.intelligence-airbusds.com/worlddem
105;944;-33,9522;18,9912;307,2;1,4;1,2;2016-10-28 0:00:00;2339;Aqua;MODIS;71;6.03;286,4;15,5;N;0;105;1215,626;1215,626;1215,626;25,091391;25,091391;25,091391;190,98979;24m;Airbus_WorldDEM4Ortho_24m;Airbus Defence and Space GmbH;http://www.intelligence-airbusds.com/worlddem
106;313;-33,9702;18,9806;346,4;4,6;2;2015-03-11 0:00:00;0942;Terra;MODIS;93;6.03;293,2;447,7;D;0;106;1243,01;1243,01;1243,01;49,716599;49,716599;49,716599;136,26643;24m;Airbus_WorldDEM4Ortho_24m;Airbus Defence and Space GmbH;http://www.intelligence-airbusds.com/worlddem
107;2568;-33,9608;18,9307;346,2;1,6;1,2;2020-12-05 0:00:00;1220;Aqua;MODIS;91;6.03;300,7;92,3;D;0;107;292,97998;292,97998;292,97998;16,300751;16,300751;16,300751;218,41666;24m;Airbus_WorldDEM4Ortho_24m;Airbus Defence and Space GmbH;http://www.intelligence-airbusds.com/worlddem
108;282;-34,0061;18,9622;342,3;2,5;1,5;2015-03-10 0:00:00;2102;Terra;MODIS;100;6.03;281,2;191,3;N;0;108;806,49518;806,49518;806,49518;27,260811;27,260811;27,260811;20,479109;24m;Airbus_WorldDEM4Ortho_24m;Airbus Defence and Space GmbH;http://www.intelligence-airbusds.com/worlddem
109;325;-33,9689;18,9577;334,7;1,6;1,2;2015-03-11 0:00:00;1220;Aqua;MODIS;82;6.03;305,4;48,4;D;0;109;552,65002;552,65002;552,65002;26,23456;26,23456;26,23456;237,91251;24m;Airbus_WorldDEM4Ortho_24m;Airbus Defence and Space GmbH;http://www.intelligence-airbusds.com/worlddem
110;2803;-33,9392;18,924;367,4;1;1;2021-02-26 0:00:00;2352;Aqua;MODIS;100;6.03;297,9;112,3;N;0;110;657,57001;657,57001;657,57001;25,197092;25,197092;25,197092;200,91734;24m;Airbus_WorldDEM4Ortho_24m;Airbus Defence and Space GmbH;http://www.intelligence-airbusds.com/worlddem
111;2694;-33,9443;19,0494;393,3;2,6;1,5;2021-02-23 0:00:00;2321;Aqua;MODIS;100;6.03;292;858;N;0;111;378,37;378,37;378,37;22,993847;22,993847;22,993847;339,19879;24m;Airbus_WorldDEM4Ortho_24m;Airbus Defence and Space GmbH;http://www.intelligence-airbusds.com/worlddem
112;2787;-33,9798;18,9382;392,5;1,1;1;2021-02-26 0:00:00;1250;Aqua;MODIS;100;6.03;312,9;231,7;D;0;112;326,22;326,22;326,22;12,424747;12,424747;12,424747;54,916531;24m;Airbus_WorldDEM4Ortho_24m;Airbus Defence and Space GmbH;http://www.intelligence-airbusds.com/worlddem
113;2688;-33,962;19,0209;303,7;1,1;1;2021-02-23 0:00:00;2144;Terra;MODIS;36;6.03;285,8;7,3;N;0;113;1146,59;1146,59;1146,59;39,848476;39,848476;39,848476;2,7353415;24m;Airbus_WorldDEM4Ortho_24m;Airbus Defence and Space GmbH;http://www.intelligence-airbusds.com/worlddem
114;2727;-33,9682;19,013;320,6;1,5;1,2;2021-02-24 0:00:00;1302;Aqua;MODIS;40;6.03;295;23,7;D;0;114;1410,2001;1410,2001;1410,2001;23,789831;23,789831;23,789831;183,2149;24m;Airbus_WorldDEM4Ortho_24m;Airbus Defence and Space GmbH;http://www.intelligence-airbusds.com/worlddem
115;281;-33,9732;18,9461;394;2,5;1,5;2015-03-10 0:00:00;2102;Terra;MODIS;100;6.03;285,1;849,1;N;0;115;312,09;312,09;312,09;9,1680307;9,1680307;9,1680307;185,5396;24m;Airbus_WorldDEM4Ortho_24m;Airbus Defence and Space GmbH;http://www.intelligence-airbusds.com/worlddem
116;2569;-33,9617;18,9198;329,8;1,6;1,2;2020-12-05 0:00:00;1220;Aqua;MODIS;76;6.03;299,7;41,3;D;0;116;214,52;214,52;214,52;9,8225985;9,8225985;9,8225985;237,22276;24m;Airbus_WorldDEM4Ortho_24m;Airbus Defence and Space GmbH;http://www.intelligence-airbusds.com/worlddem
117;296;-33,9804;18,9096;312,6;1,4;1,2;2015-03-11 0:00:00;0017;Aqua;MODIS;85;6.03;289,8;21,9;N;0;117;1118,51;1118,51;1118,51;10,157779;10,157779;10,157779;325,4559;24m;Airbus_WorldDEM4Ortho_24m;Airbus Defence and Space GmbH;http://www.intelligence-airbusds.com/worlddem
118;287;-33,968;18,8964;321,8;1,4;1,2;2015-03-11 0:00:00;0017;Aqua;MODIS;100;6.03;289,9;35,4;N;0;118;1080,28;1080,28;1080,28;27,675751;27,675751;27,675751;13,838723;24m;Airbus_WorldDEM4Ortho_24m;Airbus Defence and Space GmbH;http://www.intelligence-airbusds.com/worlddem
119;983;-33,956;19,0088;323,7;2,6;1,6;2016-11-22 0:00:00;0816;Terra;MODIS;69;6.03;302;56,9;D;0;119;1203,85;1203,85;1203,85;19,680044;19,680044;19,680044;4,4207878;24m;Airbus_WorldDEM4Ortho_24m;Airbus Defence and Space GmbH;http://www.intelligence-airbusds.com/worlddem
120;298;-33,975;18,9618;368,7;1,5;1,2;2015-03-11 0:00:00;0017;Aqua;MODIS;100;6.03;296,1;191,6;N;0;120;517,95996;517,95996;517,95996;17,243643;17,243643;17,243643;189,79883;24m;Airbus_WorldDEM4Ortho_24m;Airbus Defence and Space GmbH;http://www.intelligence-airbusds.com/worlddem
121;2749;-33,9748;19,0346;306,3;1,1;1;2021-02-25 0:00:00;0004;Aqua;MODIS;67;6.03;284,2;9,9;N;0;121;1101,76;1101,76;1101,76;28,080721;28,080721;28,080721;54,75621;24m;Airbus_WorldDEM4Ortho_24m;Airbus Defence and Space GmbH;http://www.intelligence-airbusds.com/worlddem
122;324;-34,0078;18,9106;325,9;1,6;1,2;2015-03-11 0:00:00;1220;Aqua;MODIS;51;6.03;301,9;29,7;D;0;122;911,07758;911,07758;911,07758;39,898609;39,898609;39,898609;200,63527;24m;Airbus_WorldDEM4Ortho_24m;Airbus Defence and Space GmbH;http://www.intelligence-airbusds.com/worlddem
123;2793;-33,9723;18,9243;396,6;1,1;1;2021-02-26 0:00:00;1250;Aqua;MODIS;100;6.03;306,4;257,3;D;0;123;271,63998;271,63998;271,63998;15,092587;15,092587;15,092587;289,52029;24m;Airbus_WorldDEM4Ortho_24m;Airbus Defence and Space GmbH;http://www.intelligence-airbusds.com/worlddem
124;975;-33,9405;19,0005;325,7;1,1;1,1;2016-11-20 0:00:00;2345;Aqua;MODIS;100;6.03;288,2;30,2;N;0;124;1035,5;1035,5;1035,5;44,982193;44,982193;44,982193;97,189049;24m;Airbus_WorldDEM4Ortho_24m;Airbus Defence and Space GmbH;http://www.intelligence-airbusds.com/worlddem
125;333;-33,9553;18,9619;302,4;2,6;1,6;2015-03-11 0:00:00;2322;Aqua;MODIS;49;6.03;291,3;23,5;N;0;125;715,1944;715,1944;715,1944;38,019253;38,019253;38,019253;12,233828;24m;Airbus_WorldDEM4Ortho_24m;Airbus Defence and Space GmbH;http://www.intelligence-airbusds.com/worlddem
126;2681;-33,9746;19,0628;379,5;1,1;1;2021-02-23 0:00:00;2144;Terra;MODIS;100;6.03;297,4;172,1;N;0;126;646,69995;646,69995;646,69995;35,701897;35,701897;35,701897;98,714432;24m;Airbus_WorldDEM4Ortho_24m;Airbus Defence and Space GmbH;http://www.intelligence-airbusds.com/worlddem
127;2117;-33,9734;19,0674;305;1,3;1,1;2019-02-22 0:00:00;2120;Terra;MODIS;60;6.03;292,3;8,7;N;0;127;500,80762;500,80762;500,80762;36,748905;36,748905;36,748905;147,38101;24m;Airbus_WorldDEM4Ortho_24m;Airbus Defence and Space GmbH;http://www.intelligence-airbusds.com/worlddem
128;2571;-33,958;18,9228;337,1;1,1;1;2020-12-05 0:00:00;2144;Terra;MODIS;100;6.03;292,8;43,7;N;0;128;275,87;275,87;275,87;21,165815;21,165815;21,165815;172,1922;24m;Airbus_WorldDEM4Ortho_24m;Airbus Defence and Space GmbH;http://www.intelligence-airbusds.com/worlddem
129;2791;-33,9685;18,9476;426,3;1,1;1;2021-02-26 0:00:00;1250;Aqua;MODIS;100;6.03;311,7;502,9;D;0;129;405,98001;405,98001;405,98001;16,402349;16,402349;16,402349;202,36407;24m;Airbus_WorldDEM4Ortho_24m;Airbus Defence and Space GmbH;http://www.intelligence-airbusds.com/worlddem
130;2815;-33,9992;18,9453;306,4;1;1;2021-02-26 0:00:00;2352;Aqua;MODIS;53;6.03;290,3;7,4;N;0;130;675,20001;675,20001;675,20001;39,527916;39,527916;39,527916;108,55856;24m;Airbus_WorldDEM4Ortho_24m;Airbus Defence and Space GmbH;http://www.intelligence-airbusds.com/worlddem
131;2779;-33,9987;18,9409;354;1,1;1;2021-02-26 0:00:00;1250;Aqua;MODIS;96;6.03;300,4;74,7;D;0;131;929,70996;929,70996;929,70996;18,609983;18,609983;18,609983;28,41419;24m;Airbus_WorldDEM4Ortho_24m;Airbus Defence and Space GmbH;http://www.intelligence-airbusds.com/worlddem
132;284;-33,9926;18,9552;344,8;2,5;1,5;2015-03-10 0:00:00;2102;Terra;MODIS;100;6.03;280,5;205,1;N;0;132;372,00998;372,00998;372,00998;13,527527;13,527527;13,527527;354,16226;24m;Airbus_WorldDEM4Ortho_24m;Airbus Defence and Space GmbH;http://www.intelligence-airbusds.com/worlddem
133;2729;-33,9643;19,023;349,5;1,6;1,2;2021-02-24 0:00:00;1302;Aqua;MODIS;91;6.03;298;100,1;D;0;133;1257,28;1257,28;1257,28;25,54674;25,54674;25,54674;6,5544581;24m;Airbus_WorldDEM4Ortho_24m;Airbus Defence and Space GmbH;http://www.intelligence-airbusds.com/worlddem
134;2786;-33,976;18,9612;364,1;1,1;1;2021-02-26 0:00:00;1250;Aqua;MODIS;100;6.03;308,2;98,3;D;0;134;482,44;482,44;482,44;18,077707;18,077707;18,077707;202,47922;24m;Airbus_WorldDEM4Ortho_24m;Airbus Defence and Space GmbH;http://www.intelligence-airbusds.com/worlddem
135;275;-34,0007;18,9532;358,2;2,5;1,5;2015-03-10 0:00:00;2102;Terra;MODIS;100;6.03;284,5;321,5;N;0;135;585,60999;585,60999;585,60999;27,964941;27,964941;27,964941;22,570158;24m;Airbus_WorldDEM4Ortho_24m;Airbus Defence and Space GmbH;http://www.intelligence-airbusds.com/worlddem
136;289;-33,961;18,9333;357,6;1,5;1,2;2015-03-11 0:00:00;0017;Aqua;MODIS;100;6.03;294,9;138,3;N;0;136;317,70001;317,70001;317,70001;8,8190088;8,8190088;8,8190088;250,63133;24m;Airbus_WorldDEM4Ortho_24m;Airbus Defence and Space GmbH;http://www.intelligence-airbusds.com/worlddem
137;2814;-33,9918;18,9577;314,6;1;1;2021-02-26 0:00:00;2352;Aqua;MODIS;85;6.03;293,5;13,5;N;0;137;422,89999;422,89999;422,89999;34,587921;34,587921;34,587921;344,12173;24m;Airbus_WorldDEM4Ortho_24m;Airbus Defence and Space GmbH;http://www.intelligence-airbusds.com/worlddem
138;968;-33,9468;18,9525;375,3;1,7;1,3;2016-11-20 0:00:00;0828;Terra;MODIS;100;6.03;312,6;270,1;D;0;138;557;557;557;21,75794;21,75794;21,75794;21,119499;24m;Airbus_WorldDEM4Ortho_24m;Airbus Defence and Space GmbH;http://www.intelligence-airbusds.com/worlddem
139;2730;-33,9493;19,0415;334,8;1,6;1,2;2021-02-24 0:00:00;1302;Aqua;MODIS;74;6.03;303,7;51,2;D;0;139;622,35999;622,35999;622,35999;38,231697;38,231697;38,231697;52,414078;24m;Airbus_WorldDEM4Ortho_24m;Airbus Defence and Space GmbH;http://www.intelligence-airbusds.com/worlddem
140;2758;-33,9285;19,0446;334,4;1,1;1;2021-02-25 0:00:00;0004;Aqua;MODIS;100;6.03;288;38,2;N;0;140;600,62;600,62;600,62;43,941486;43,941486;43,941486;67,410011;24m;Airbus_WorldDEM4Ortho_24m;Airbus Defence and Space GmbH;http://www.intelligence-airbusds.com/worlddem
141;1167;-34,0172;18,967;328,3;1,1;1;2017-01-10 0:00:00;0859;Terra;MODIS;40;6.03;303,5;18,5;D;0;141;1052,2112;1052,2112;1052,2112;58,125614;58,125614;58,125614;212,69891;24m;Airbus_WorldDEM4Ortho_24m;Airbus Defence and Space GmbH;http://www.intelligence-airbusds.com/worlddem
142;307;-33,9713;18,9847;332,1;4,6;2;2015-03-11 0:00:00;0942;Terra;MODIS;81;6.03;292,8;237,4;D;0;142;953,01001;953,01001;953,01001;46,574352;46,574352;46,574352;212,87067;24m;Airbus_WorldDEM4Ortho_24m;Airbus Defence and Space GmbH;http://www.intelligence-airbusds.com/worlddem
143;2775;-34,0061;19,0148;331,3;1,1;1;2021-02-26 0:00:00;1250;Aqua;MODIS;26;6.03;304,5;22,4;D;0;143;1287,6101;1287,6101;1287,6101;8,7373219;8,7373219;8,7373219;110,16577;24m;Airbus_WorldDEM4Ortho_24m;Airbus Defence and Space GmbH;http://www.intelligence-airbusds.com/worlddem
144;2148;-33,9327;19,0313;321,5;1,3;1,2;2019-03-27 0:00:00;2340;Aqua;MODIS;100;6.03;288,3;31,9;N;0;144;892,75;892,75;892,75;14,757533;14,757533;14,757533;125,2967;24m;Airbus_WorldDEM4Ortho_24m;Airbus Defence and Space GmbH;http://www.intelligence-airbusds.com/worlddem
145;2771;-34,0041;19,0014;334,8;1,4;1,2;2021-02-26 0:00:00;0833;Terra;MODIS;31;6.03;296,5;42,1;D;0;145;780,26001;780,26001;780,26001;36,265862;36,265862;36,265862;331,97427;24m;Airbus_WorldDEM4Ortho_24m;Airbus Defence and Space GmbH;http://www.intelligence-airbusds.com/worlddem
146;2789;-33,9839;18,9128;411,8;1,1;1;2021-02-26 0:00:00;1250;Aqua;MODIS;100;6.03;308,8;369,2;D;0;146;1151,0288;1151,0288;1151,0288;35,001556;35,001556;35,001556;67,55468;24m;Airbus_WorldDEM4Ortho_24m;Airbus Defence and Space GmbH;http://www.intelligence-airbusds.com/worlddem
147;2807;-33,9482;18,9215;335,3;1;1;2021-02-26 0:00:00;2352;Aqua;MODIS;100;6.03;292,7;36,5;N;0;147;375,75998;375,75998;375,75998;26,312441;26,312441;26,312441;275,58853;24m;Airbus_WorldDEM4Ortho_24m;Airbus Defence and Space GmbH;http://www.intelligence-airbusds.com/worlddem
148;2136;-33,9138;19,0172;403,5;1;1;2019-03-27 0:00:00;1238;Aqua;MODIS;100;6.03;313,8;271,2;D;0;148;732,82001;732,82001;732,82001;23,461987;23,461987;23,461987;41,289806;24m;Airbus_WorldDEM4Ortho_24m;Airbus Defence and Space GmbH;http://www.intelligence-airbusds.com/worlddem
149;2581;-33,9925;18,8993;324;4,5;2;2020-12-06 0:00:00;2227;Terra;MODIS;100;6.03;290,4;206,5;N;0;149;371,32001;371,32001;371,32001;29,018221;29,018221;29,018221;181,58928;24m;Airbus_WorldDEM4Ortho_24m;Airbus Defence and Space GmbH;http://www.intelligence-airbusds.com/worlddem
150;326;-33,9926;18,9091;303,1;1,1;1;2015-03-11 0:00:00;2145;Terra;MODIS;46;6.03;291,3;5,7;N;0;150;589,98999;589,98999;589,98999;44,843937;44,843937;44,843937;216,83846;24m;Airbus_WorldDEM4Ortho_24m;Airbus Defence and Space GmbH;http://www.intelligence-airbusds.com/worlddem
151;310;-33,9516;18,946;341,1;4,6;2;2015-03-11 0:00:00;0942;Terra;MODIS;90;6.03;297;361,3;D;0;151;751,34003;751,34003;751,34003;37,512001;37,512001;37,512001;196,90807;24m;Airbus_WorldDEM4Ortho_24m;Airbus Defence and Space GmbH;http://www.intelligence-airbusds.com/worlddem
152;317;-33,9708;18,9372;327,9;1,6;1,2;2015-03-11 0:00:00;1220;Aqua;MODIS;56;6.03;305,3;27,1;D;0;152;268,04001;268,04001;268,04001;9,310894;9,310894;9,310894;258,9126;24m;Airbus_WorldDEM4Ortho_24m;Airbus Defence and Space GmbH;http://www.intelligence-airbusds.com/worlddem
153;297;-33,9765;18,9758;342,7;1,5;1,2;2015-03-11 0:00:00;0017;Aqua;MODIS;100;6.03;289;82,5;N;0;153;775,10004;775,10004;775,10004;47,284908;47,284908;47,284908;167,17325;24m;Airbus_WorldDEM4Ortho_24m;Airbus Defence and Space GmbH;http://www.intelligence-airbusds.com/worlddem
154;2825;-34,0154;18,9685;315,3;1,3;1,1;2021-02-27 0:00:00;2119;Terra;MODIS;91;6.03;290;21,9;N;0;154;1143,97;1143,97;1143,97;23,133156;23,133156;23,133156;209,39478;24m;Airbus_WorldDEM4Ortho_24m;Airbus Defence and Space GmbH;http://www.intelligence-airbusds.com/worlddem
155;2725;-33,9753;19,0353;344,8;1,6;1,2;2021-02-24 0:00:00;1302;Aqua;MODIS;88;6.03;295,9;83;D;0;155;1069,5601;1069,5601;1069,5601;20,624004;20,624004;20,624004;82,176277;24m;Airbus_WorldDEM4Ortho_24m;Airbus Defence and Space GmbH;http://www.intelligence-airbusds.com/worlddem
156;3664;-33,9944;18,9703;315,2;1,5;1,2;2024-10-23 0:00:00;0821;Terra;MODIS;61;61.03;298,8;19,4;D;0;156;450,53;450,53;450,53;26,684898;26,684898;26,684898;26,497984;24m;Airbus_WorldDEM4Ortho_24m;Airbus Defence and Space GmbH;http://www.intelligence-airbusds.com/worlddem
157;2772;-34,0012;18,9854;339,3;1,4;1,2;2021-02-26 0:00:00;0833;Terra;MODIS;59;6.03;298,2;57,1;D;0;157;695,82477;695,82477;695,82477;32,868744;32,868744;32,868744;26,768253;24m;Airbus_WorldDEM4Ortho_24m;Airbus Defence and Space GmbH;http://www.intelligence-airbusds.com/worlddem
158;963;-33,9438;18,9216;320,8;1,7;1,3;2016-11-20 0:00:00;0828;Terra;MODIS;56;6.03;304,7;18,2;D;0;158;452,86002;452,86002;452,86002;27,110752;27,110752;27,110752;227,84544;24m;Airbus_WorldDEM4Ortho_24m;Airbus Defence and Space GmbH;http://www.intelligence-airbusds.com/worlddem
159;982;-33,9641;18,9945;302,5;2,3;1,5;2016-11-22 0:00:00;0028;Aqua;MODIS;49;6.03;286,6;22,6;N;0;159;822,01001;822,01001;822,01001;51,723942;51,723942;51,723942;272,66812;24m;Airbus_WorldDEM4Ortho_24m;Airbus Defence and Space GmbH;http://www.intelligence-airbusds.com/worlddem
160;323;-34,0137;18,9671;321,7;1,6;1,2;2015-03-11 0:00:00;1220;Aqua;MODIS;38;6.03;301,5;24,4;D;0;160;1107,6801;1107,6801;1107,6801;23,623795;23,623795;23,623795;255,95013;24m;Airbus_WorldDEM4Ortho_24m;Airbus Defence and Space GmbH;http://www.intelligence-airbusds.com/worlddem
161;2780;-34,0007;18,9289;329,9;1,1;1;2021-02-26 0:00:00;1250;Aqua;MODIS;77;6.03;296,9;27,4;D;0;161;1041,34;1041,34;1041,34;55,852871;55,852871;55,852871;188,50883;24m;Airbus_WorldDEM4Ortho_24m;Airbus Defence and Space GmbH;http://www.intelligence-airbusds.com/worlddem
162;2784;-33,9913;18,9268;357;1,1;1;2021-02-26 0:00:00;1250;Aqua;MODIS;98;6.03;302,4;83,1;D;0;162;1028,55;1028,55;1028,55;41,497711;41,497711;41,497711;30,682146;24m;Airbus_WorldDEM4Ortho_24m;Airbus Defence and Space GmbH;http://www.intelligence-airbusds.com/worlddem
163;2747;-33,9548;19,0269;346,8;1,1;1;2021-02-25 0:00:00;0004;Aqua;MODIS;100;6.03;290;61,3;N;0;163;991,37;991,37;991,37;17,253401;17,253401;17,253401;277,91574;24m;Airbus_WorldDEM4Ortho_24m;Airbus Defence and Space GmbH;http://www.intelligence-airbusds.com/worlddem
164;2799;-33,9428;18,9336;323,4;2,9;1,6;2021-02-26 0:00:00;2214;Terra;MODIS;100;6.03;291,8;97,9;N;0;164;831,08997;831,08997;831,08997;39,123516;39,123516;39,123516;59,620945;24m;Airbus_WorldDEM4Ortho_24m;Airbus Defence and Space GmbH;http://www.intelligence-airbusds.com/worlddem
165;270;-33,9918;18,9501;366,7;1,1;1,1;2015-03-09 0:00:00;1233;Aqua;MODIS;100;6.03;314,4;113,3;D;0;165;489,04001;489,04001;489,04001;24,486502;24,486502;24,486502;25,533884;24m;Airbus_WorldDEM4Ortho_24m;Airbus Defence and Space GmbH;http://www.intelligence-airbusds.com/worlddem
166;2665;-33,9829;19,0721;313,9;4,1;1,9;2021-02-23 0:00:00;0803;Terra;MODIS;53;6.03;291,1;71,2;D;0;166;948,58002;948,58002;948,58002;54,197559;54,197559;54,197559;329,06866;24m;Airbus_WorldDEM4Ortho_24m;Airbus Defence and Space GmbH;http://www.intelligence-airbusds.com/worlddem
167;972;-33,9386;18,989;309,5;1,1;1,1;2016-11-20 0:00:00;2345;Aqua;MODIS;76;6.03;287,2;12,1;N;0;167;1392,55;1392,55;1392,55;8,5514498;8,5514498;8,5514498;169,52954;24m;Airbus_WorldDEM4Ortho_24m;Airbus Defence and Space GmbH;http://www.intelligence-airbusds.com/worlddem
168;2714;-33,9658;19,0398;431,2;1;1;2021-02-24 0:00:00;0845;Terra;MODIS;100;6.03;305,1;513,9;D;0;168;1070,3099;1070,3099;1070,3099;38,430553;38,430553;38,430553;91,443939;24m;Airbus_WorldDEM4Ortho_24m;Airbus Defence and Space GmbH;http://www.intelligence-airbusds.com/worlddem
169;2707;-33,9456;19,0316;447,3;1;1;2021-02-24 0:00:00;0845;Terra;MODIS;100;6.03;309,2;706,7;D;0;169;415,39999;415,39999;415,39999;24,296494;24,296494;24,296494;356,60663;24m;Airbus_WorldDEM4Ortho_24m;Airbus Defence and Space GmbH;http://www.intelligence-airbusds.com/worlddem
170;2712;-33,9584;19,0523;334,8;1;1;2021-02-24 0:00:00;0845;Terra;MODIS;46;6.03;296;23,7;D;0;170;715,98999;715,98999;715,98999;31,899088;31,899088;31,899088;159,9305;24m;Airbus_WorldDEM4Ortho_24m;Airbus Defence and Space GmbH;http://www.intelligence-airbusds.com/worlddem
171;280;-33,9752;18,9201;364,9;2,5;1,5;2015-03-10 0:00:00;2102;Terra;MODIS;100;6.03;281,7;391,3;N;0;171;444,20999;444,20999;444,20999;34,700161;34,700161;34,700161;66,52375;24m;Airbus_WorldDEM4Ortho_24m;Airbus Defence and Space GmbH;http://www.intelligence-airbusds.com/worlddem
172;2777;-34,0042;18,9666;335,5;1,1;1;2021-02-26 0:00:00;1250;Aqua;MODIS;50;6.03;301,3;30,9;D;0;172;976,17999;976,17999;976,17999;48,241619;48,241619;48,241619;303,6582;24m;Airbus_WorldDEM4Ortho_24m;Airbus Defence and Space GmbH;http://www.intelligence-airbusds.com/worlddem
173;2736;-33,9085;19,0143;349,5;1,6;1,2;2021-02-24 0:00:00;1302;Aqua;MODIS;94;6.03;300;105,9;D;0;173;430,46002;430,46002;430,46002;28,507505;28,507505;28,507505;12,700558;24m;Airbus_WorldDEM4Ortho_24m;Airbus Defence and Space GmbH;http://www.intelligence-airbusds.com/worlddem
174;2146;-33,9224;19,0339;319,8;1,3;1,2;2019-03-27 0:00:00;2340;Aqua;MODIS;99;6.03;288,4;28,9;N;0;174;825,37;825,37;825,37;22,599398;22,599398;22,599398;78,802933;24m;Airbus_WorldDEM4Ortho_24m;Airbus Defence and Space GmbH;http://www.intelligence-airbusds.com/worlddem
175;314;-33,9686;18,9443;385,9;4,6;2;2015-03-11 0:00:00;0942;Terra;MODIS;100;6.03;299,5;1553,4;D;0;175;356,87;356,87;356,87;8,706131;8,706131;8,706131;262,55826;24m;Airbus_WorldDEM4Ortho_24m;Airbus Defence and Space GmbH;http://www.intelligence-airbusds.com/worlddem
176;984;-33,9595;18,9812;318,1;2,6;1,6;2016-11-22 0:00:00;0816;Terra;MODIS;21;6.03;303,9;33,9;D;0;176;705,44;705,44;705,44;35,636688;35,636688;35,636688;53,169453;24m;Airbus_WorldDEM4Ortho_24m;Airbus Defence and Space GmbH;http://www.intelligence-airbusds.com/worlddem
177;2741;-33,9294;19,0444;339,9;4;1,9;2021-02-24 0:00:00;2048;Terra;MODIS;100;6.03;290,2;324,4;N;0;177;641,62;641,62;641,62;36,14426;36,14426;36,14426;72,988274;24m;Airbus_WorldDEM4Ortho_24m;Airbus Defence and Space GmbH;http://www.intelligence-airbusds.com/worlddem
178;2135;-33,9124;19,028;338;1;1;2019-03-27 0:00:00;1238;Aqua;MODIS;88;6.03;305,3;33;D;0;178;778,10999;778,10999;778,10999;22,786598;22,786598;22,786598;44,116226;24m;Airbus_WorldDEM4Ortho_24m;Airbus Defence and Space GmbH;http://www.intelligence-airbusds.com/worlddem
179;1383;-33,9168;18,9751;384,9;1;1;2017-02-21 0:00:00;2138;Terra;MODIS;100;6.03;312,7;174,9;N;0;179;529,56;529,56;529,56;25,559111;25,559111;25,559111;343,29004;24m;Airbus_WorldDEM4Ortho_24m;Airbus Defence and Space GmbH;http://www.intelligence-airbusds.com/worlddem
180;2687;-33,958;19,0456;327,5;1,1;1;2021-02-23 0:00:00;2144;Terra;MODIS;100;6.03;289,3;27,9;N;0;180;950,51996;950,51996;950,51996;21,801067;21,801067;21,801067;180,93613;24m;Airbus_WorldDEM4Ortho_24m;Airbus Defence and Space GmbH;http://www.intelligence-airbusds.com/worlddem
181;2684;-33,9673;19,0478;348,6;1,1;1;2021-02-23 0:00:00;2144;Terra;MODIS;100;6.03;291,9;66,2;N;0;181;806,46002;806,46002;806,46002;29,565071;29,565071;29,565071;40,249985;24m;Airbus_WorldDEM4Ortho_24m;Airbus Defence and Space GmbH;http://www.intelligence-airbusds.com/worlddem
182;2721;-33,9941;19,0574;347;1,6;1,2;2021-02-24 0:00:00;1302;Aqua;MODIS;92;6.03;300,3;89,2;D;0;182;1141,4399;1141,4399;1141,4399;19,474922;19,474922;19,474922;294,96915;24m;Airbus_WorldDEM4Ortho_24m;Airbus Defence and Space GmbH;http://www.intelligence-airbusds.com/worlddem
183;272;-33,9783;18,966;304,9;1,5;1,2;2015-03-09 0:00:00;2157;Terra;MODIS;61;6.03;288,2;13,8;N;0;183;510,90997;510,90997;510,90997;17,178654;17,178654;17,178654;237,26468;24m;Airbus_WorldDEM4Ortho_24m;Airbus Defence and Space GmbH;http://www.intelligence-airbusds.com/worlddem
184;2713;-33,9641;19,029;373,3;1;1;2021-02-24 0:00:00;0845;Terra;MODIS;100;6.03;294,2;128,8;D;0;184;1365,0701;1365,0701;1365,0701;29,073755;29,073755;29,073755;276,54749;24m;Airbus_WorldDEM4Ortho_24m;Airbus Defence and Space GmbH;http://www.intelligence-airbusds.com/worlddem
185;2585;-33,9957;18,9076;313,5;1,1;1;2020-12-07 0:00:00;0004;Aqua;MODIS;87;6.03;290,5;14,5;N;0;185;531,33997;531,33997;531,33997;41,256126;41,256126;41,256126;355,20813;24m;Airbus_WorldDEM4Ortho_24m;Airbus Defence and Space GmbH;http://www.intelligence-airbusds.com/worlddem
186;2770;-33,9878;18,9716;416,9;1,4;1,2;2021-02-26 0:00:00;0833;Terra;MODIS;100;6.03;306,1;584,8;D;0;186;401,73001;401,73001;401,73001;15,565209;15,565209;15,565209;267,2088;24m;Airbus_WorldDEM4Ortho_24m;Airbus Defence and Space GmbH;http://www.intelligence-airbusds.com/worlddem
187;2748;-33,9655;19,0361;316,4;1,1;1;2021-02-25 0:00:00;0004;Aqua;MODIS;86;6.03;283,8;16,7;N;0;187;1296,1599;1296,1599;1296,1599;20,818029;20,818029;20,818029;37,941097;24m;Airbus_WorldDEM4Ortho_24m;Airbus Defence and Space GmbH;http://www.intelligence-airbusds.com/worlddem
188;2731;-33,9527;19,0234;360,6;1,6;1,2;2021-02-24 0:00:00;1302;Aqua;MODIS;100;6.03;299,8;153,2;D;0;188;770,51001;770,51001;770,51001;29,383867;29,383867;29,383867;284,16757;24m;Airbus_WorldDEM4Ortho_24m;Airbus Defence and Space GmbH;http://www.intelligence-airbusds.com/worlddem
189;327;-33,953;18,942;310;1,1;1;2015-03-11 0:00:00;2145;Terra;MODIS;79;6.03;292,5;10,4;N;0;189;575,42999;575,42999;575,42999;36,144112;36,144112;36,144112;192,16138;24m;Airbus_WorldDEM4Ortho_24m;Airbus Defence and Space GmbH;http://www.intelligence-airbusds.com/worlddem
190;292;-33,9929;18,9238;313,6;1,5;1,2;2015-03-11 0:00:00;0017;Aqua;MODIS;85;6.03;289,7;21,6;N;0;190;1007,15;1007,15;1007,15;38,054111;38,054111;38,054111;242,7482;24m;Airbus_WorldDEM4Ortho_24m;Airbus Defence and Space GmbH;http://www.intelligence-airbusds.com/worlddem
191;2763;-33,9639;19,0242;325,9;1,1;1;2021-02-25 0:00:00;0004;Aqua;MODIS;100;6.03;284,2;26,7;N;0;191;1216,28;1216,28;1216,28;25,311687;25,311687;25,311687;19,728502;24m;Airbus_WorldDEM4Ortho_24m;Airbus Defence and Space GmbH;http://www.intelligence-airbusds.com/worlddem
192;331;-33,9512;18,9536;308,3;1,1;1;2015-03-11 0:00:00;2145;Terra;MODIS;74;6.03;292,1;9,1;N;0;192;702,88;702,88;702,88;25,464998;25,464998;25,464998;34,549679;24m;Airbus_WorldDEM4Ortho_24m;Airbus Defence and Space GmbH;http://www.intelligence-airbusds.com/worlddem
193;981;-33,9561;19,002;306;2,3;1,5;2016-11-22 0:00:00;0028;Aqua;MODIS;66;6.03;286,2;28,5;N;0;193;1243,0299;1243,0299;1243,0299;27,839029;27,839029;27,839029;311,72217;24m;Airbus_WorldDEM4Ortho_24m;Airbus Defence and Space GmbH;http://www.intelligence-airbusds.com/worlddem
194;2813;-33,9866;18,9252;311,7;1;1;2021-02-26 0:00:00;2352;Aqua;MODIS;68;6.03;288,8;10,7;N;0;194;854,67999;854,67999;854,67999;23,517618;23,517618;23,517618;338,04507;24m;Airbus_WorldDEM4Ortho_24m;Airbus Defence and Space GmbH;http://www.intelligence-airbusds.com/worlddem
195;1378;-33,9363;18,9736;324;2;1,4;2017-02-21 0:00:00;1214;Aqua;MODIS;55;6.03;305,8;34,4;D;0;195;1062,0901;1062,0901;1062,0901;53,795849;53,795849;53,795849;249,4045;24m;Airbus_WorldDEM4Ortho_24m;Airbus Defence and Space GmbH;http://www.intelligence-airbusds.com/worlddem
196;2740;-33,9125;19,0415;322,9;4;1,9;2021-02-24 0:00:00;2048;Terra;MODIS;100;6.03;289,6;155,9;N;0;196;603,75;603,75;603,75;34,258774;34,258774;34,258774;24,074707;24m;Airbus_WorldDEM4Ortho_24m;Airbus Defence and Space GmbH;http://www.intelligence-airbusds.com/worlddem
197;1399;-33,9116;18,9976;311,9;1;1;2017-02-22 0:00:00;2358;Aqua;MODIS;84;6.03;293,1;10,7;N;0;197;838,09003;838,09003;838,09003;31,515478;31,515478;31,515478;122,46288;24m;Airbus_WorldDEM4Ortho_24m;Airbus Defence and Space GmbH;http://www.intelligence-airbusds.com/worlddem
198;1367;-33,9227;18,972;305,9;1,2;1,1;2017-02-21 0:00:00;0010;Aqua;MODIS;62;6.03;293,3;9,1;N;0;198;545,82001;545,82001;545,82001;15,12734;15,12734;15,12734;222,16545;24m;Airbus_WorldDEM4Ortho_24m;Airbus Defence and Space GmbH;http://www.intelligence-airbusds.com/worlddem
199;1377;-33,9241;18,9692;371,4;2;1,4;2017-02-21 0:00:00;1214;Aqua;MODIS;100;6.03;309;300,9;D;0;199;448,5;448,5;448,5;18,111841;18,111841;18,111841;240,50014;24m;Airbus_WorldDEM4Ortho_24m;Airbus Defence and Space GmbH;http://www.intelligence-airbusds.com/worlddem
200;2682;-33,9766;19,0505;329,1;1,1;1;2021-02-23 0:00:00;2144;Terra;MODIS;100;6.03;289,1;31,5;N;0;200;730,02283;730,02283;730,02283;16,012318;16,012318;16,012318;149,94983;24m;Airbus_WorldDEM4Ortho_24m;Airbus Defence and Space GmbH;http://www.intelligence-airbusds.com/worlddem
201;2718;-33,9783;19,059;368,8;1;1;2021-02-24 0:00:00;0845;Terra;MODIS;100;6.03;304,5;109,8;D;0;201;597,22119;597,22119;597,22119;37,850853;37,850853;37,850853;169,47101;24m;Airbus_WorldDEM4Ortho_24m;Airbus Defence and Space GmbH;http://www.intelligence-airbusds.com/worlddem
202;2750;-33,9873;19,0568;311,1;1,1;1;2021-02-25 0:00:00;0004;Aqua;MODIS;82;6.03;286,1;13,7;N;0;202;728,63202;728,63202;728,63202;34,361824;34,361824;34,361824;32,264736;24m;Airbus_WorldDEM4Ortho_24m;Airbus Defence and Space GmbH;http://www.intelligence-airbusds.com/worlddem
203;304;-33,9719;18,9494;341,5;4,1;1,9;2015-03-11 0:00:00;0804;Terra;MODIS;91;6.03;296,7;320,2;D;0;203;348,25;348,25;348,25;8,7992887;8,7992887;8,7992887;210,66109;24m;Airbus_WorldDEM4Ortho_24m;Airbus Defence and Space GmbH;http://www.intelligence-airbusds.com/worlddem
204;2728;-33,9715;19,0457;327,4;1,6;1,2;2021-02-24 0:00:00;1302;Aqua;MODIS;49;6.03;299,3;30,5;D;0;204;937,64996;937,64996;937,64996;34,0168;34,0168;34,0168;76,934555;24m;Airbus_WorldDEM4Ortho_24m;Airbus Defence and Space GmbH;http://www.intelligence-airbusds.com/worlddem
205;2788;-33,9818;18,9255;394,1;1,1;1;2021-02-26 0:00:00;1250;Aqua;MODIS;100;6.03;310,9;241,5;D;0;205;643,04004;643,04004;643,04004;16,856583;16,856583;16,856583;347,69501;24m;Airbus_WorldDEM4Ortho_24m;Airbus Defence and Space GmbH;http://www.intelligence-airbusds.com/worlddem
206;285;-33,9941;18,9331;356;2,5;1,5;2015-03-10 0:00:00;2102;Terra;MODIS;100;6.03;278,4;298,7;N;0;206;858,17999;858,17999;858,17999;36,995583;36,995583;36,995583;34,611256;24m;Airbus_WorldDEM4Ortho_24m;Airbus Defence and Space GmbH;http://www.intelligence-airbusds.com/worlddem
207;318;-33,9709;18,9512;334,2;1,6;1,2;2015-03-11 0:00:00;1220;Aqua;MODIS;83;6.03;305,5;49,3;D;0;207;410,03;410,03;410,03;14,950603;14,950603;14,950603;309,03452;24m;Airbus_WorldDEM4Ortho_24m;Airbus Defence and Space GmbH;http://www.intelligence-airbusds.com/worlddem
208;2744;-33,9782;18,995;308,5;4,6;2;2021-02-24 0:00:00;2226;Terra;MODIS;61;6.03;285,9;91,2;N;0;208;1240,01;1240,01;1240,01;39,105118;39,105118;39,105118;69,868103;24m;Airbus_WorldDEM4Ortho_24m;Airbus Defence and Space GmbH;http://www.intelligence-airbusds.com/worlddem
209;334;-33,9844;18,8888;326,6;1;1;2015-03-12 0:00:00;0846;Terra;MODIS;73;6.03;298,9;17,5;D;0;209;369,47;369,47;369,47;41,923122;41,923122;41,923122;191,41077;24m;Airbus_WorldDEM4Ortho_24m;Airbus Defence and Space GmbH;http://www.intelligence-airbusds.com/worlddem
210;3663;-33,9927;18,9545;310,7;1,5;1,2;2024-10-23 0:00:00;0821;Terra;MODIS;41;61.03;300,3;11,9;D;0;210;387,78;387,78;387,78;14,688058;14,688058;14,688058;8,6595926;24m;Airbus_WorldDEM4Ortho_24m;Airbus Defence and Space GmbH;http://www.intelligence-airbusds.com/worlddem
211;2697;-33,9589;19,0493;319,5;2,6;1,5;2021-02-23 0:00:00;2321;Aqua;MODIS;99;6.03;286,4;73,5;N;0;211;746,92999;746,92999;746,92999;42,636208;42,636208;42,636208;169,15553;24m;Airbus_WorldDEM4Ortho_24m;Airbus Defence and Space GmbH;http://www.intelligence-airbusds.com/worlddem
212;273;-33,9704;18,992;301,1;1,7;1,3;2015-03-09 0:00:00;2334;Aqua;MODIS;38;6.03;288,4;13,1;N;0;212;1066,01;1066,01;1066,01;59,149666;59,149666;59,149666;47,817017;24m;Airbus_WorldDEM4Ortho_24m;Airbus Defence and Space GmbH;http://www.intelligence-airbusds.com/worlddem
213;2774;-34,0136;19,0284;337;1,1;1;2021-02-26 0:00:00;1250;Aqua;MODIS;69;6.03;302,5;34,3;D;0;213;1325,3601;1325,3601;1325,3601;25,34062;25,34062;25,34062;240,27666;24m;Airbus_WorldDEM4Ortho_24m;Airbus Defence and Space GmbH;http://www.intelligence-airbusds.com/worlddem
214;2781;-33,9781;19,0078;328,5;1,1;1;2021-02-26 0:00:00;1250;Aqua;MODIS;24;6.03;305,1;15,8;D;0;214;1373,3101;1373,3101;1373,3101;39,051037;39,051037;39,051037;5,9968696;24m;Airbus_WorldDEM4Ortho_24m;Airbus Defence and Space GmbH;http://www.intelligence-airbusds.com/worlddem
215;301;-33,97;18,9145;366,1;1,4;1,2;2015-03-11 0:00:00;0017;Aqua;MODIS;100;6.03;297;180,2;N;0;215;534;534;534;29,755779;29,755779;29,755779;56,244564;24m;Airbus_WorldDEM4Ortho_24m;Airbus Defence and Space GmbH;http://www.intelligence-airbusds.com/worlddem
216;2716;-33,9749;19,0377;318,6;1;1;2021-02-24 0:00:00;0845;Terra;MODIS;36;6.03;293,8;11,7;D;0;216;985,48999;985,48999;985,48999;41,356583;41,356583;41,356583;59,246677;24m;Airbus_WorldDEM4Ortho_24m;Airbus Defence and Space GmbH;http://www.intelligence-airbusds.com/worlddem
217;2760;-33,9424;19,0056;300,8;1,1;1;2021-02-25 0:00:00;0004;Aqua;MODIS;31;6.03;284,9;5,8;N;0;217;958,76837;958,76837;958,76837;17,478971;17,478971;17,478971;196,08733;24m;Airbus_WorldDEM4Ortho_24m;Airbus Defence and Space GmbH;http://www.intelligence-airbusds.com/worlddem
218;2831;-34,0278;18,9898;302,2;1,4;1,2;2021-02-28 0:00:00;2340;Aqua;MODIS;42;6.03;290,6;7,1;N;0;218;1309,24;1309,24;1309,24;9,3334694;9,3334694;9,3334694;87,719856;24m;Airbus_WorldDEM4Ortho_24m;Airbus Defence and Space GmbH;http://www.intelligence-airbusds.com/worlddem
219;971;-33,9436;18,9823;329,5;1,7;1,3;2016-11-20 0:00:00;0828;Terra;MODIS;79;6.03;304,1;39,9;D;0;219;750,87244;750,87244;750,87244;39,016514;39,016514;39,016514;208,72955;24m;Airbus_WorldDEM4Ortho_24m;Airbus Defence and Space GmbH;http://www.intelligence-airbusds.com/worlddem
220;2745;-33,9641;19,0492;311,1;4,6;2;2021-02-24 0:00:00;2226;Terra;MODIS;74;6.03;286;110,4;N;0;220;862,22003;862,22003;862,22003;19,268631;19,268631;19,268631;38,751713;24m;Airbus_WorldDEM4Ortho_24m;Airbus Defence and Space GmbH;http://www.intelligence-airbusds.com/worlddem
221;1374;-33,9372;18,9808;319;2;1,4;2017-02-21 0:00:00;1214;Aqua;MODIS;24;6.03;304,7;23,9;D;0;221;1396,5416;1396,5416;1396,5416;14,172088;14,172088;14,172088;210,76544;24m;Airbus_WorldDEM4Ortho_24m;Airbus Defence and Space GmbH;http://www.intelligence-airbusds.com/worlddem
222;2710;-33,9549;19,0305;379,2;1;1;2021-02-24 0:00:00;0845;Terra;MODIS;100;6.03;292,8;151,7;D;0;222;931,66003;931,66003;931,66003;16,721857;16,721857;16,721857;288,95309;24m;Airbus_WorldDEM4Ortho_24m;Airbus Defence and Space GmbH;http://www.intelligence-airbusds.com/worlddem
223;2145;-33,9199;19,02;311,6;1,4;1,2;2019-03-27 0:00:00;2340;Aqua;MODIS;83;6.03;286,7;18,3;N;0;223;813,25;813,25;813,25;13,026647;13,026647;13,026647;41,705673;24m;Airbus_WorldDEM4Ortho_24m;Airbus Defence and Space GmbH;http://www.intelligence-airbusds.com/worlddem
224;2769;-33,9939;19,005;365,3;1,4;1,2;2021-02-26 0:00:00;0833;Terra;MODIS;100;6.03;300,6;146,1;D;0;224;1102,4464;1102,4464;1102,4464;61,520241;61,520241;61,520241;220,39668;24m;Airbus_WorldDEM4Ortho_24m;Airbus Defence and Space GmbH;http://www.intelligence-airbusds.com/worlddem
225;2678;-33,9822;19,0762;335,1;1,1;1;2021-02-23 0:00:00;2144;Terra;MODIS;100;6.03;289,6;43,1;N;0;225;922,776;922,776;922,776;30,901424;30,901424;30,901424;35,885334;24m;Airbus_WorldDEM4Ortho_24m;Airbus Defence and Space GmbH;http://www.intelligence-airbusds.com/worlddem
226;2679;-33,9841;19,0646;345,1;1,1;1;2021-02-23 0:00:00;2144;Terra;MODIS;100;6.03;291,6;61;N;0;226;478,67599;478,67599;478,67599;22,677414;22,677414;22,677414;305,7121;24m;Airbus_WorldDEM4Ortho_24m;Airbus Defence and Space GmbH;http://www.intelligence-airbusds.com/worlddem
227;2764;-33,937;19,0155;310,6;2,9;1,6;2021-02-25 0:00:00;0928;Terra;MODIS;23;6.03;295,1;29,2;D;0;227;909,90997;909,90997;909,90997;16,197903;16,197903;16,197903;94,446426;24m;Airbus_WorldDEM4Ortho_24m;Airbus Defence and Space GmbH;http://www.intelligence-airbusds.com/worlddem
228;2210;-33,971;18,935;316,3;1,1;1;2019-10-31 0:00:00;0858;Terra;MODIS;65;6.03;297,1;12;D;0;228;236,98999;236,98999;236,98999;8,8700762;8,8700762;8,8700762;267,96918;24m;Airbus_WorldDEM4Ortho_24m;Airbus Defence and Space GmbH;http://www.intelligence-airbusds.com/worlddem
229;2724;-33,9857;19,0415;381,3;1,6;1,2;2021-02-24 0:00:00;1302;Aqua;MODIS;100;6.03;301,8;285,3;D;0;229;406,89001;406,89001;406,89001;6,3795118;6,3795118;6,3795118;19,713167;24m;Airbus_WorldDEM4Ortho_24m;Airbus Defence and Space GmbH;http://www.intelligence-airbusds.com/worlddem
230;316;-33,9966;18,9085;324,8;1,6;1,2;2015-03-11 0:00:00;1220;Aqua;MODIS;63;6.03;304,5;26,3;D;0;230;629,98004;629,98004;629,98004;36,769276;36,769276;36,769276;355,66022;24m;Airbus_WorldDEM4Ortho_24m;Airbus Defence and Space GmbH;http://www.intelligence-airbusds.com/worlddem
231;2149;-33,9334;19,0027;311,8;1,2;1,1;2019-03-28 0:00:00;0905;Terra;MODIS;45;6.03;285,1;12,4;D;0;231;1312,14;1312,14;1312,14;28,952524;28,952524;28,952524;104,90465;24m;Airbus_WorldDEM4Ortho_24m;Airbus Defence and Space GmbH;http://www.intelligence-airbusds.com/worlddem
232;2574;-33,9562;18,934;327,6;1,1;1;2020-12-05 0:00:00;2144;Terra;MODIS;100;6.03;291,6;29,3;N;0;232;419,60999;419,60999;419,60999;21,737341;21,737341;21,737341;244,72629;24m;Airbus_WorldDEM4Ortho_24m;Airbus Defence and Space GmbH;http://www.intelligence-airbusds.com/worlddem
233;290;-33,9625;18,9478;326,2;1,5;1,2;2015-03-11 0:00:00;0017;Aqua;MODIS;100;6.03;290,6;40;N;0;233;475,30002;475,30002;475,30002;20,961754;20,961754;20,961754;224,80605;24m;Airbus_WorldDEM4Ortho_24m;Airbus Defence and Space GmbH;http://www.intelligence-airbusds.com/worlddem
234;2579;-33,9912;18,9054;319,9;4,5;2;2020-12-06 0:00:00;2227;Terra;MODIS;99;6.03;289,7;169,8;N;0;234;552,13;552,13;552,13;41,386055;41,386055;41,386055;184,49989;24m;Airbus_WorldDEM4Ortho_24m;Airbus Defence and Space GmbH;http://www.intelligence-airbusds.com/worlddem
235;2817;-34,0115;19,024;304,1;1;1;2021-02-26 0:00:00;2352;Aqua;MODIS;58;6.03;284,5;8,4;N;0;235;1235,5801;1235,5801;1235,5801;6,952527;6,952527;6,952527;350,69394;24m;Airbus_WorldDEM4Ortho_24m;Airbus Defence and Space GmbH;http://www.intelligence-airbusds.com/worlddem
236;2743;-33,966;19,0434;312,5;4,6;2;2021-02-24 0:00:00;2226;Terra;MODIS;79;6.03;286;117,4;N;0;236;901,21002;901,21002;901,21002;14,363025;14,363025;14,363025;67,155891;24m;Airbus_WorldDEM4Ortho_24m;Airbus Defence and Space GmbH;http://www.intelligence-airbusds.com/worlddem
237;2778;-33,9966;18,9538;332,5;1,1;1;2021-02-26 0:00:00;1250;Aqua;MODIS;65;6.03;302,9;27,8;D;0;237;449,42001;449,42001;449,42001;12,224616;12,224616;12,224616;1,7335446;24m;Airbus_WorldDEM4Ortho_24m;Airbus Defence and Space GmbH;http://www.intelligence-airbusds.com/worlddem
238;2830;-34,0248;18,9733;304,4;1,4;1,2;2021-02-28 0:00:00;2340;Aqua;MODIS;60;6.03;293,1;8,8;N;0;238;966,15002;966,15002;966,15002;29,822664;29,822664;29,822664;66,621735;24m;Airbus_WorldDEM4Ortho_24m;Airbus Defence and Space GmbH;http://www.intelligence-airbusds.com/worlddem
